--
-- Host: 127.0.0.1    Database: data_analyst_task
-- ------------------------------------------------------
-- Server version	8.0.31

/*!40101 SET @OLD_CHARACTER_SET_CLIENT=@@CHARACTER_SET_CLIENT */;
/*!40101 SET @OLD_CHARACTER_SET_RESULTS=@@CHARACTER_SET_RESULTS */;
/*!40101 SET @OLD_COLLATION_CONNECTION=@@COLLATION_CONNECTION */;
/*!50503 SET NAMES utf8mb4 */;
/*!40103 SET @OLD_TIME_ZONE=@@TIME_ZONE */;
/*!40103 SET TIME_ZONE='+00:00' */;
/*!40014 SET @OLD_UNIQUE_CHECKS=@@UNIQUE_CHECKS, UNIQUE_CHECKS=0 */;
/*!40014 SET @OLD_FOREIGN_KEY_CHECKS=@@FOREIGN_KEY_CHECKS, FOREIGN_KEY_CHECKS=0 */;
/*!40101 SET @OLD_SQL_MODE=@@SQL_MODE, SQL_MODE='NO_AUTO_VALUE_ON_ZERO' */;
/*!40111 SET @OLD_SQL_NOTES=@@SQL_NOTES, SQL_NOTES=0 */;

--
-- Table structure for table `leases`
--

DROP TABLE IF EXISTS `leases`;
/*!40101 SET @saved_cs_client     = @@character_set_client */;
/*!50503 SET character_set_client = utf8mb4 */;
CREATE TABLE `leases` (
  `id` bigint unsigned NOT NULL AUTO_INCREMENT,
  `unit_id` bigint unsigned DEFAULT NULL,
  `tenant_id` bigint unsigned DEFAULT NULL,
  `rent_per_month` decimal(10,2) DEFAULT NULL,
  `arrears` decimal(10,2) DEFAULT NULL,
  `start_date` date DEFAULT NULL,
  `end_date` date DEFAULT NULL,
  UNIQUE KEY `id` (`id`)
) ENGINE=MyISAM AUTO_INCREMENT=13 DEFAULT CHARSET=utf8mb4 COLLATE=utf8mb4_0900_ai_ci;
/*!40101 SET character_set_client = @saved_cs_client */;

--
-- Dumping data for table `leases`
--

LOCK TABLES `leases` WRITE;
/*!40000 ALTER TABLE `leases` DISABLE KEYS */;
INSERT INTO `leases` VALUES (1,1,1,45000.00,0.00,'2024-01-01',NULL),(2,2,2,55000.00,5000.00,'2023-11-01','2024-10-31'),(3,3,3,65000.00,-2000.00,'2024-02-01',NULL),(4,4,4,-30000.00,1000.00,'2024-03-01',NULL),(5,5,3,70000.00,0.00,'2025-02-01','2025-12-31'),(6,6,5,40000.00,8000.00,'2024-06-15','2025-06-14'),(7,7,6,52000.00,0.00,'2024-08-01','2024-07-31'),(8,8,7,38000.00,12000.00,'2023-09-01',NULL),(9,9,8,60000.00,0.00,'2025-01-01',NULL),(10,10,2,-45000.00,1000.00,'2024-02-01','2024-12-31'),(11,11,9,31000.00,0.00,'2023-05-01','2024-04-30'),(12,12,10,47000.00,3000.00,'2024-10-01','2025-09-30');
/*!40000 ALTER TABLE `leases` ENABLE KEYS */;
UNLOCK TABLES;

--
-- Table structure for table `locations`
--

DROP TABLE IF EXISTS `locations`;
/*!40101 SET @saved_cs_client     = @@character_set_client */;
/*!50503 SET character_set_client = utf8mb4 */;
CREATE TABLE `locations` (
  `id` bigint unsigned NOT NULL AUTO_INCREMENT,
  `name` varchar(255) DEFAULT NULL,
  UNIQUE KEY `id` (`id`)
) ENGINE=MyISAM AUTO_INCREMENT=4 DEFAULT CHARSET=utf8mb4 COLLATE=utf8mb4_0900_ai_ci;
/*!40101 SET character_set_client = @saved_cs_client */;

--
-- Dumping data for table `locations`
--

LOCK TABLES `locations` WRITE;
/*!40000 ALTER TABLE `locations` DISABLE KEYS */;
INSERT INTO `locations` VALUES (1,'Nairobi CBD'),(2,'Westlands'),(3,'Kilimani');
/*!40000 ALTER TABLE `locations` ENABLE KEYS */;
UNLOCK TABLES;

--
-- Table structure for table `properties`
--

DROP TABLE IF EXISTS `properties`;
/*!40101 SET @saved_cs_client     = @@character_set_client */;
/*!50503 SET character_set_client = utf8mb4 */;
CREATE TABLE `properties` (
  `id` bigint unsigned NOT NULL AUTO_INCREMENT,
  `name` varchar(255) DEFAULT NULL,
  `location_id` bigint unsigned DEFAULT NULL,
  UNIQUE KEY `id` (`id`)
) ENGINE=MyISAM AUTO_INCREMENT=6 DEFAULT CHARSET=utf8mb4 COLLATE=utf8mb4_0900_ai_ci;
/*!40101 SET character_set_client = @saved_cs_client */;

--
-- Dumping data for table `properties`
--

LOCK TABLES `properties` WRITE;
/*!40000 ALTER TABLE `properties` DISABLE KEYS */;
INSERT INTO `properties` VALUES (1,'NSSF Towers',1),(2,'Delta Corner',2),(3,'The Junction Residences',3),(4,'Riverside Court',2),(5,'Kimathi House',1);
/*!40000 ALTER TABLE `properties` ENABLE KEYS */;
UNLOCK TABLES;

--
-- Table structure for table `tenants`
--

DROP TABLE IF EXISTS `tenants`;
/*!40101 SET @saved_cs_client     = @@character_set_client */;
/*!50503 SET character_set_client = utf8mb4 */;
CREATE TABLE `tenants` (
  `id` bigint unsigned NOT NULL AUTO_INCREMENT,
  `name` varchar(255) DEFAULT NULL,
  `email` varchar(255) DEFAULT NULL,
  UNIQUE KEY `id` (`id`)
) ENGINE=MyISAM AUTO_INCREMENT=16 DEFAULT CHARSET=utf8mb4 COLLATE=utf8mb4_0900_ai_ci;
/*!40101 SET character_set_client = @saved_cs_client */;

--
-- Dumping data for table `tenants`
--

LOCK TABLES `tenants` WRITE;
/*!40000 ALTER TABLE `tenants` DISABLE KEYS */;
INSERT INTO `tenants` VALUES (1,'Amina Mwangi','amina.mwangi@example.com'),(2,'Brian Otieno','brian.otieno@example.com'),(3,'Carol Wanjiru','carol.wanjiru@example.com'),(4,'David Kiptoo','david.kiptoo@example.com'),(5,'Eunice Njeri','eunice.njeri@example.com'),(6,'Farah Hassan','farah.hassan@example.com'),(7,'George Ouma','george.ouma@example.com'),(8,'Hannah Achieng','hannah.achieng@example.com'),(9,'Ian Wachira','ian.wachira@example.com'),(10,'Joy Wambui','joy.wambui@example.com'),(11,'Kelvin Muli','kelvin.muli@example.com'),(12,'Lydia Chebet','lydia.chebet@example.com'),(13,'Mark Ndungu','mark.ndungu@example.com'),(14,'Naomi Nyawira',NULL),(15,'Oscar Owino','oscar.owino@example.com');
/*!40000 ALTER TABLE `tenants` ENABLE KEYS */;
UNLOCK TABLES;

--
-- Table structure for table `units`
--

DROP TABLE IF EXISTS `units`;
/*!40101 SET @saved_cs_client     = @@character_set_client */;
/*!50503 SET character_set_client = utf8mb4 */;
CREATE TABLE `units` (
  `id` bigint unsigned NOT NULL AUTO_INCREMENT,
  `property_id` bigint unsigned DEFAULT NULL,
  `name` varchar(255) DEFAULT NULL,
  `size` decimal(10,1) DEFAULT NULL,
  UNIQUE KEY `id` (`id`)
) ENGINE=MyISAM AUTO_INCREMENT=21 DEFAULT CHARSET=utf8mb4 COLLATE=utf8mb4_0900_ai_ci;
/*!40101 SET character_set_client = @saved_cs_client */;

--
-- Dumping data for table `units`
--

LOCK TABLES `units` WRITE;
/*!40000 ALTER TABLE `units` DISABLE KEYS */;
INSERT INTO `units` VALUES (1,1,'A-101',75.0),(2,1,'A-102',80.5),(3,1,'B-201',65.0),(4,1,'B-202',92.0),(5,1,'C-301',120.0),(6,2,'DC-1A',55.0),(7,2,'DC-1B',60.0),(8,2,'DC-2A',85.0),(9,2,'DC-2B',100.0),(10,2,'DC-3A',73.5),(11,3,'JR-101',48.0),(12,3,'JR-102',52.0),(13,3,'JR-201',66.0),(14,3,'JR-202',70.0),(15,4,'RC-1A',64.5),(16,4,'RC-1B',68.0),(17,4,'RC-2A',90.0),(18,5,'KH-101',40.0),(19,5,'KH-201',58.0),(20,5,'KH-301',77.0);
/*!40000 ALTER TABLE `units` ENABLE KEYS */;
UNLOCK TABLES;

--
-- Dumping routines for database 'data_analyst_task'
--
/*!40103 SET TIME_ZONE=@OLD_TIME_ZONE */;

/*!40101 SET SQL_MODE=@OLD_SQL_MODE */;
/*!40014 SET FOREIGN_KEY_CHECKS=@OLD_FOREIGN_KEY_CHECKS */;
/*!40014 SET UNIQUE_CHECKS=@OLD_UNIQUE_CHECKS */;
/*!40101 SET CHARACTER_SET_CLIENT=@OLD_CHARACTER_SET_CLIENT */;
/*!40101 SET CHARACTER_SET_RESULTS=@OLD_CHARACTER_SET_RESULTS */;
/*!40101 SET COLLATION_CONNECTION=@OLD_COLLATION_CONNECTION */;
/*!40111 SET SQL_NOTES=@OLD_SQL_NOTES */;

-- Dump completed on 2025-10-23  9:42:11
